number,khmer_name,english_name,file,description,source_upload
1,កងពលតូចរថពាសដែក,Armoured Brigade,metal-edition/badge_01.png,Armoured brigade metal badge,image_98d43c0d-4cbd-47f0-b317-c870d33436e1_0.png
2,វិទ្យាស្ថានកងទ័ពជើងគោក,Army Institute,metal-edition/badge_02.png,Army institute metal badge,image_28ccbf94-7fe1-4592-a01b-5f41a7c689e8_0.png
3,វិទ្យាស្ថានបច្ចេកទេសយោធា,Military Technical Institute,metal-edition/badge_03.png,Military technical institute metal badge,image_5706f8db-ff21-4bbe-a148-93e8ebc7e916_0.png
4,បញ្ជាការដ្ឋានជាតិកម្លាំងពិសេសសង្គ្រោះមនុស្សធម៌,National Rescue Committee for Humanitarian Assistance,metal-edition/badge_04.png,National rescue committee metal badge,image_6b7fb2ca-1153-4555-9080-ce13e262f8db_0.png
5,កងការពារគីមី,Chemical Defence,metal-edition/badge_05.png,Chemical defence metal badge,image_2886ed7d-4eea-4811-9622-3769b49af97a_0.png
6,កងពលធំអន្តរាគមន៍លេខ២,Intervention Division 2,metal-edition/badge_06.png,Intervention division 2 lion metal badge,image_6a9c6149-1b5a-4ad0-868a-6b4cd64bceb1_0.png
7,កងពលធំអន្តរាគមន៍លេខ២,Intervention Division 2,metal-edition/badge_07.png,Intervention division 2 lion metal badge,image_a9065000-71cc-4cbc-a480-d836dbe249c9_0.png
8,កងពលធំអន្តរាគមន៍លេខ២,Intervention Division 2,metal-edition/badge_08.png,Intervention division 2 neon lion badge,image_c8d8eaa3-014e-486f-8dae-3720c7cc194b_0.png
9,កងពលធំអន្តរាគមន៍លេខ២,Intervention Division 2,metal-edition/badge_09.png,Intervention division 2 lion metal badge,image_df6812f4-11df-4132-90f4-05c597bd558f_0.png
10,កងទ័ពអាកាស,Air Force,metal-edition/badge_10.png,Air force helicopter metal badge,image_92d7a940-c064-4ecc-88c5-fc063f0030bf_0.png
11,កងទ័ពអាកាស,Air Force,metal-edition/badge_11.png,Air force helicopter metal badge,image_9decd28d-552d-4bb1-bed1-09d81a98f4db_0.png
12,កងទ័ពអាកាស,Air Force,metal-edition/badge_12.png,Air force helicopter metal badge,image_a42b14ca-4ef7-4ca0-aea7-a8dfd024a4b5_0.png
13,គណៈកម្មាធិការជាតិសន្តិសុខដែនសមុទ្រ,National Committee for Maritime Security,metal-edition/badge_13.png,Maritime security committee metal badge,image_072a20bb-37d1-4750-b153-edcd161349c4_0.png
14,គណៈកម្មាធិការជាតិសន្តិសុខដែនសមុទ្រ,National Committee for Maritime Security,metal-edition/badge_14.png,Maritime security committee metal badge,image_23fcbe3b-00ab-4e75-8a2e-3f26d0637372_0.png
15,គណៈកម្មាធិការជាតិសន្តិសុខដែនសមុទ្រ,National Committee for Maritime Security,metal-edition/badge_15.png,Maritime security committee silver badge,image_8f14d823-eab7-4ec8-80b6-94660164f740_0.png
16,បញ្ជាការដ្ឋានកាំភ្លើងធំ,Artillery Command,metal-edition/badge_16.png,Artillery command metal badge,image_40fa50cc-a069-4e07-8f35-aa2196329e20_0.png
17,បញ្ជាការដ្ឋានកាំភ្លើងធំ,Artillery Command,metal-edition/badge_17.png,Artillery command metal badge,image_92ec160a-5f98-404e-8095-072eaa384cb0_0.png
18,បញ្ជាការដ្ឋានកាំភ្លើងធំ,Artillery Command,metal-edition/badge_18.png,Artillery command metal badge,image_a97ef4d5-944f-46a0-a2f5-50bb4b68ee3a_0.png
19,កងពលតូចប្រយុទ្ធខ្លាធំ,Tiger Combat Brigade,metal-edition/badge_19.png,Tiger combat brigade metal badge,image_8c404af5-8d09-4235-948b-4cea1aa8cc8b_0.png
20,អ.គ.ស.២,[ENGLISH NAME],metal-edition/badge_20.png,Engineering metal badge,image_e8af2f0e-ce20-4bc7-861f-f55a9ef4c664_0.png
21,កងទ័ពអាកាស,Air Force,metal-edition/badge_21.png,Air force winged metal badge,image_5444c83c-af06-45f0-9f6a-64ac695b1c9c_0.png
22,កងទ័ពអាកាស,Air Force,metal-edition/badge_22.png,Air force winged metal badge,image_8cf05687-5823-4b8f-98e0-97f3d1a72c37_0.png
23,កងពលតូចឆ័ត្រយោង,Airborne Brigade,metal-edition/badge_23.png,Airborne brigade metal badge,image_48e9b38f-dd53-484b-93f8-742fa5adbde2_0.png
24,កងពលតូចឆ័ត្រយោង,Airborne Brigade,metal-edition/badge_24.png,Airborne brigade metal badge,image_6a2e2e11-be22-4f12-b1cc-9a488994b535_0.png
25,កងពលតូចឆ័ត្រយោង,Airborne Brigade,metal-edition/badge_25.png,Airborne brigade metal badge,image_a95a4af3-6d56-4495-8697-ad5488021b27_0.png
26,កងការពារព្រំដែន,Border Guard,metal-edition/badge_26.png,Border guard metal badge,image_26865005-65e5-4401-a1e4-38aebab22955_0.png
27,ឆ័ត្រយោង,Airborne,metal-edition/badge_27.png,Airborne metal badge,image_e91b0faa-fe10-4e18-bfcb-2a30ffbe782e_0.png
28,សាកលវិទ្យាល័យការពារជាតិ,National Defense University,metal-edition/badge_28.png,National Defense University metal badge,image_6435beb6-3d9f-4cf8-97e8-daf88d7ae39f_0.png
29,[ឈ្មោះអង្គភាព],[UNIT NAME],metal-edition/badge_29.png,Winged metal badge 29,image_2cf2ecb2-ae92-422e-8fd1-4b07dea657ff_0.png
30,[ឈ្មោះអង្គភាព],[UNIT NAME],metal-edition/badge_30.png,Anchor wreath metal badge 30,image_43c29ee7-069e-4a01-b578-7c88f3a36091_0.png
31,កងពល-៥៦,Division 56 · King Cobra,metal-edition/badge_31.png,Division 56 King Cobra metal badge,image_0b336552-affb-4c4e-b485-6055b5dd1066_0.png
32,កងពលតូចឆ័ត្រយោងពិសេស ៩១១,Special Airborne Brigade 911,metal-edition/badge_32.png,Special airborne brigade 911 metal badge,image_fe5391ab-8959-4fdd-bec0-731228c9871c_0.png
33,ប្រតិបត្តិការពិសេស ៩១១,Spec-Ops 911,metal-edition/badge_33.png,Spec-Ops 911 badge,image_3393d4da-adf1-40b1-b46a-3104f721c612_0.png
34,សាលាទាហានភូមិន្ទ,Royal Military School,metal-edition/badge_34.png,Royal military school metal badge,image_b3729744-40ed-4ac5-8d2e-79a570d9bfc4_0.png
35,កងទ័ពជើងទឹក,Navy,metal-edition/badge_35.png,Navy silver badge,image_07a8bdee-13b8-4294-a3eb-99aab0e0ef77_0.png
36,កងទ័ពជើងទឹក,Navy,metal-edition/badge_36.png,Navy metal badge,image_da074283-7de6-4c62-8f3c-15d83162c850_0.png
37,បញ្ជាការដ្ឋានពិសេស,Special Command,metal-edition/badge_37.png,Special command metal badge,image_12ed6275-38e9-417f-84bd-946dac46b619_0.png
38,បញ្ជាការដ្ឋានពិសេស,Special Command,metal-edition/badge_38.png,Special command metal badge,image_7ad081c8-241e-4539-8ce5-dfcacbde1c8d_0.png
39,បញ្ជាការដ្ឋានពិសេស,Special Command,metal-edition/badge_39.png,Special command metal badge,image_a948516f-8d73-439b-904b-774f7fa99bc7_0.png
40,កងពលធំអន្តរាគមន៍លេខ៥,Intervention Division 5,metal-edition/badge_40.png,Intervention division 5 metal badge,image_b93da39c-67c3-41d3-9b84-3e5062453015_0.png
41,កងពលធំអន្តរាគមន៍លេខ៥,Intervention Division 5,metal-edition/badge_41.png,Intervention division 5 patch,image_cc598698-13a1-4708-bd97-a57905a9d4f0_0.png
42,កងទំនាក់ទំនង,Signals,metal-edition/badge_42.png,Signals metal badge,image_6bfc15dc-65a3-46e7-8dca-33a498c84898_0.png
43,កងទំនាក់ទំនង,Signals,metal-edition/badge_43.png,Signals metal badge,image_84ae85bd-161b-4910-9d70-888decd7d9de_0.png
44,កងទំនាក់ទំនង,Signals,metal-edition/badge_44.png,Signals silver badge,image_85dfa58b-a106-4ff9-a61b-0bab97ad610b_0.png
45,កងទំនាក់ទំនង,Communications,metal-edition/badge_45.png,Communications metal badge,image_db3537d9-f933-42db-b44c-5468f942eead_0.png
46,កងពលតូចការពារលេខ៣១,Protection Brigade 31 · Neak Reach,metal-edition/badge_46.png,Neak Reach protection brigade metal badge,image_14dd0513-c1e9-49ae-b0ec-6fa58a20c251_0.png
47,កងពលតូចការពារលេខ៣១,Protection Brigade 31 · Neak Reach,metal-edition/badge_47.png,Neak Reach protection brigade pin,image_1b5434d5-662a-4a8d-b559-4b8d33bd098f_0.png
48,កងពលតូចការពារលេខ៣១,Protection Brigade 31 · Neak Reach,metal-edition/badge_48.png,Neak Reach protection brigade neon pin,image_8a3dd0d9-57eb-4c36-b5ef-8925f3ca1f43_0.png
49,កងពលតូចការពារលេខ៣១,Protection Brigade 31 · Neak Reach,metal-edition/badge_49.png,Neak Reach protection brigade metal badge,image_acabafa3-62d1-4a23-bc74-57d6f9d3adbf_0.png
50,កងពលតូចការពារលេខ៣១,Protection Brigade 31 · Neak Reach,metal-edition/badge_50.png,Neak Reach protection brigade bronze badge,image_e8a17898-7a15-42da-aa77-b9f5441e39ce_0.png
51,កងពលតូចអន្តរាគមន៍លេខ១១,Intervention Brigade 11,metal-edition/badge_51.png,Intervention brigade 11 metal badge,image_85a0448e-4309-4b27-bb17-c200242b3f5b_0.png
52,វិទ្យាស្ថានវិទ្យាសាស្ត្រសុខាភិបាល,Health Science Institute,metal-edition/badge_52.png,Health science institute pin,image_13cecaa8-f75f-4bd9-bea7-ab70a00506d1_0.png
53,វិទ្យាស្ថានវិទ្យាសាស្ត្រសុខាភិបាល,Health Science Institute,metal-edition/badge_53.png,Health science institute metal badge,image_69e01ab5-6975-4832-8af6-aebb49119523_0.png
54,វិទ្យាស្ថានវិទ្យាសាស្ត្រសុខាភិបាល,Health Science Institute,metal-edition/badge_54.png,Health science institute bronze badge,image_8615d10f-e70a-4f11-bad8-234901532b6d_0.png
55,កងពលតូចលេខ៧០,Brigade 70,metal-edition/badge_55.png,Brigade 70 archer metal badge,image_157117aa-5d93-4f14-8881-5f64b1030b18_0.png
56,កងពលតូចលេខ៧០,Brigade 70,metal-edition/badge_56.png,Brigade 70 archer metal badge,image_5add65bc-1262-49cc-afff-fe28f511d85e_0.png
57,កងពលតូចលេខ៧០,Brigade 70,metal-edition/badge_57.png,Brigade 70 archer metal badge,image_6bc85dc3-7515-4d8f-94de-f9cb31fb3433_0.png
58,កងរាជអាវុធហត្ថលើផ្ទៃប្រទេស,Royal Gendarmerie · Thai lettering,metal-edition/badge_58.png,Gendarmerie emblem badge with Thai lettering,image_17d6aace-120a-40fa-8e1a-e3a0790d24fc_0.png
59,កងរាជអាវុធហត្ថលើផ្ទៃប្រទេស,Royal Gendarmerie,metal-edition/badge_59.png,Royal gendarmerie metal badge,image_89aae75b-5b6f-489e-ba4c-53070d7f713b_0.png
60,កងរាជអាវុធហត្ថលើផ្ទៃប្រទេស,Royal Gendarmerie · US Army lettering,metal-edition/badge_60.png,Gendarmerie emblem badge with United States Army lettering,image_cf9cbfc4-494e-4d6f-9f6e-8ad672e8d2ca_0.png
61,កងឧទ្ធម្ភាគចក្រ,Helicopter Unit,metal-edition/badge_61.png,Helicopter unit metal badge,image_b4096c0f-39a2-41ef-9390-dece7f0cb4da_0.png
62,កងឧទ្ធម្ភាគចក្រ,Helicopter Unit,metal-edition/badge_62.png,Helicopter unit silver badge,image_dea18370-d1dd-47a4-8cc1-b5e3232f3cc7_0.png
63,កងឧទ្ធម្ភាគចក្រ,Helicopter Unit,metal-edition/badge_63.png,Helicopter unit metal badge,image_e0501e4f-5729-4d37-874e-50f63a8a9b13_0.png
64,អគ្គបញ្ជាការ កងយោធពលខេមរភូមិន្ទ,RCAF High Command,metal-edition/badge_64.png,High command metal badge,image_2abb3c95-2269-4236-abd6-12d93d3598a8_0.png
65,អគ្គបញ្ជាការ កងយោធពលខេមរភូមិន្ទ,RCAF High Command,metal-edition/badge_65.png,High command bronze badge,image_85a44187-cdd4-4969-bdd3-47287e07f510_0.png
66,អគ្គបញ្ជាការ កងយោធពលខេមរភូមិន្ទ,RCAF High Command,metal-edition/badge_66.png,High command enamel badge,image_c7774dd0-5735-41e4-93f3-3b8e8bf57a88_0.png
67,អគ្គបញ្ជាការ កងយោធពលខេមរភូមិន្ទ,RCAF High Command,metal-edition/badge_67.png,High command enamel badge,image_d92ae234-844a-4c0a-a898-f4aa034fb0d8_0.png
68,អគ្គបញ្ជាការ · ខួប ១០០ ឆ្នាំ,Centenary · gold · front,metal-edition/badge_68.png,"High Command centenary gold coin, front",inputs/centenary-pairs/pair_1.jpg (front)
69,អគ្គបញ្ជាការ · ខួប ១០០ ឆ្នាំ,Centenary · gold · back,metal-edition/badge_69.png,"High Command centenary gold coin, back",inputs/centenary-pairs/pair_1.jpg (back)
70,អគ្គបញ្ជាការ · ខួប ១០០ ឆ្នាំ,Centenary · red enamel · front,metal-edition/badge_70.png,"High Command centenary red enamel coin, front",inputs/centenary-pairs/pair_2.jpg (front)
71,អគ្គបញ្ជាការ · ខួប ១០០ ឆ្នាំ,Centenary · red enamel · back,metal-edition/badge_71.png,"High Command centenary red enamel coin, back",inputs/centenary-pairs/pair_2.jpg (back)
72,អគ្គបញ្ជាការ · ខួប ១០០ ឆ្នាំ,Centenary · bronze · front,metal-edition/badge_72.png,"High Command centenary bronze coin, front",inputs/centenary-pairs/pair_3.jpg (front)
73,អគ្គបញ្ជាការ · ខួប ១០០ ឆ្នាំ,Centenary · bronze · back,metal-edition/badge_73.png,"High Command centenary bronze coin, back",inputs/centenary-pairs/pair_3.jpg (back)
74,អគ្គបញ្ជាការ · ខួប ១០០ ឆ្នាំ,Centenary · shield · front,metal-edition/badge_74.png,"High Command centenary shield badge, front",inputs/centenary-pairs/pair_4.jpg (front)
75,អគ្គបញ្ជាការ · ខួប ១០០ ឆ្នាំ,Centenary · shield · back,metal-edition/badge_75.png,"High Command centenary shield badge, back",inputs/centenary-pairs/pair_4.jpg (back)
76,អគ្គបញ្ជាការ · ខួប ១០០ ឆ្នាំ,Centenary · octagonal · front,metal-edition/badge_76.png,"High Command centenary octagonal coin, front",inputs/centenary-pairs/pair_5.jpg (front)
77,អគ្គបញ្ជាការ · ខួប ១០០ ឆ្នាំ,Centenary · octagonal · back,metal-edition/badge_77.png,"High Command centenary octagonal coin, back",inputs/centenary-pairs/pair_5.jpg (back)
