number,khmer_name,english_name,file,description
1,មជ្ឈមណ្ឌលជាតិប្រតិបត្តិការរក្សាសន្តិភាព,"Peacekeeping, Mine &amp; ERW Clearance Centre",fixed-text/logo_01.png,Peacekeeping and demining centre badge
2,កងពលតូចរថពាសដែក,Armoured Brigade,fixed-text/logo_02.png,Armoured brigade badge
3,វិទ្យាស្ថានកងទ័ពជើងគោក,Army Institute,fixed-text/logo_03.png,Army institute badge
4,វិទ្យាស្ថានបច្ចេកទេសយោធា,Military Technical Institute,fixed-text/logo_04.png,Military technical institute badge
5,បញ្ជាការដ្ឋានជាតិកម្លាំងពិសេសសង្គ្រោះមនុស្សធម៌,National Rescue Committee for Humanitarian Assistance,fixed-text/logo_05.png,National rescue committee badge
6,កងការពារគីមី,Chemical Defence,fixed-text/logo_06.png,Chemical defence badge
7,កងពលធំអន្តរាគមន៍លេខ២,Intervention Division 2,fixed-text/logo_07.png,Intervention division 2 badge
8,កងទ័ពអាកាស,Air Force,fixed-text/logo_08.png,Air force helicopter badge
9,គណៈកម្មាធិការជាតិសន្តិសុខដែនសមុទ្រ,National Committee for Maritime Security,fixed-text/logo_09.png,Maritime security committee badge
10,បញ្ជាការដ្ឋានកាំភ្លើងធំ,Artillery Command,fixed-text/logo_10.png,Artillery command badge
11,កងពលតូចប្រយុទ្ធខ្លាធំ,Tiger Combat Brigade,fixed-text/logo_11.png,Tiger combat brigade badge
12,អ.គ.ស.២,[ENGLISH NAME],fixed-text/logo_12.png,Badge 12
13,កងទ័ពអាកាស,Air Force,fixed-text/logo_13.png,Air force winged badge
14,ក្រសួងការពារជាតិ,Ministry of National Defence,fixed-text/logo_14.png,Ministry of National Defence badge
15,កងការពារអាកាស,Air Defence,fixed-text/logo_15.png,Air defence badge
16,[ឈ្មោះអង្គភាព],[UNIT NAME],fixed-text/logo_16.png,Badge 16
17,កងពលតូចឆ័ត្រយោង,Airborne Brigade,fixed-text/logo_17.png,Airborne brigade badge
18,[ឈ្មោះអង្គភាព],[UNIT NAME],fixed-text/logo_18.png,Badge 18
19,សាលាបណ្តុះបណ្តាលកងទ័ព,Army Training School,fixed-text/logo_19.png,Army training school badge
20,ជាតិ សាសនា ព្រះមហាក្សត្រ,Nation · Religion · King,fixed-text/logo_20.png,"Royal arms with the motto Nation, Religion, King"
21,កងការពារព្រំដែន,Border Defence,fixed-text/logo_21.png,Border defence badge
22,កងពលធំអន្តរាគមន៍លេខ៣,Intervention Division 3,fixed-text/logo_22.png,Intervention division 3 badge
23,ឆ័ត្រយោង,Airborne,fixed-text/logo_23.png,Airborne badge
24,សាកលវិទ្យាល័យការពារជាតិ,National Defense University,fixed-text/logo_24.png,National Defense University badge
25,[ឈ្មោះអង្គភាព],[UNIT NAME],fixed-text/logo_25.png,Badge 25
26,[ឈ្មោះអង្គភាព],[UNIT NAME],fixed-text/logo_26.png,Badge 26
27,កងពល-៥៦,Division 56,fixed-text/logo_27.png,Division 56 badge
28,កងពលតូចឆ័ត្រយោងពិសេស ៩១១,Special Airborne Brigade 911,fixed-text/logo_28.png,Special airborne brigade 911 badge
29,សាលាទាហានភូមិន្ទ,Royal Military School,fixed-text/logo_29.png,Royal military school badge
30,កងទ័ពជើងទឹក,Navy,fixed-text/logo_30.png,Navy badge
31,បញ្ជាការដ្ឋានពិសេស,Special Command,fixed-text/logo_31.png,Special command badge
32,កងពលធំអន្តរាគមន៍លេខ៥,Intervention Division 5,fixed-text/logo_32.png,Intervention division 5 badge
33,កងទំនាក់ទំនង,Signals,fixed-text/logo_33.png,Signals badge
34,កងពលតូចការពារលេខ៣១,Protection Brigade 31 · Neak Reach,fixed-text/logo_34.png,Protection brigade 31 badge
35,កងពលតូចអន្តរាគមន៍លេខ១១,Intervention Brigade 11,fixed-text/logo_35.png,Intervention brigade 11 badge
36,វិទ្យាស្ថានវិទ្យាសាស្ត្រសុខាភិបាល,Health Science Institute,fixed-text/logo_36.png,Health science institute badge
37,កងពលតូចលេខ៧០,Brigade 70,fixed-text/logo_37.png,Brigade 70 badge
38,កងរាជអាវុធហត្ថលើផ្ទៃប្រទេស,Royal Gendarmerie,fixed-text/logo_38.png,Royal gendarmerie badge
39,កងឧទ្ធម្ភាគចក្រ,Helicopter Unit,fixed-text/logo_39.png,Helicopter unit badge
40,អគ្គបញ្ជាការ កងយោធពលខេមរភូមិន្ទ,RCAF High Command,fixed-text/logo_40.png,High command badge
